episode,avg_return,avg_cost,success_rate
1,-20.802774281087377,0.0,1.0
2,-19.12847943095442,0.0,1.0
3,-28.016952927992534,0.0,1.0
4,-22.3737005321418,0.0,1.0
5,-42.377286027948735,0.0,1.0
6,-26.161075000412307,0.0,1.0
7,-28.90453284481488,0.0,1.0
8,-17.932649890895753,0.0,1.0
9,-26.052140981055853,0.0,1.0
10,-32.725395627541715,0.0,1.0
